User_ID,Time,No_attempts,Item_id
39,18,3,1
41,8,3,2
1,7,2,3
75,6,2,4
48,9,5,5
18,20,4,6
7,19,2,7
26,5,6,8
25,3,4,9
26,11,4,10
50,9,5,11
1,8,2,12
69,11,8,13
12,17,8,14
48,11,7,15
69,13,6,16
41,10,4,17
41,18,4,18
38,9,6,19
30,20,3,20
73,11,8,21
2,13,6,22
32,3,7,23
8,5,9,24
35,4,2,25
72,20,7,26
46,10,10,27
51,4,2,28
51,4,4,29
43,15,5,30
52,4,3,31
70,18,4,32
18,4,10,33
24,14,6,34
64,13,4,35
5,18,9,36
36,6,5,37
45,20,8,38
1,14,6,39
23,18,10,40
17,13,7,41
14,15,4,42
38,13,4,43
19,7,4,44
4,9,6,45
7,20,4,46
18,7,5,47
12,5,4,48
17,14,10,49
29,2,10,50
10,5,9,51
49,2,9,52
74,12,5,53
34,17,5,54
37,8,10,55
13,8,3,56
71,17,2,57
46,19,4,58
13,6,5,59
15,5,3,60
45,18,5,61
26,2,3,62
31,16,9,63
16,14,2,64
37,10,10,65
17,8,4,66
70,3,9,67
14,18,5,68
67,5,6,69
8,9,7,70
70,11,2,71
45,17,10,72
73,17,10,73
5,9,6,74
8,8,9,75
65,11,3,76
2,16,3,77
45,17,8,78
32,8,6,79
60,12,8,80
5,17,2,81
4,9,3,82
41,6,5,83
49,3,5,84
36,19,10,85
9,20,3,86
62,19,5,87
2,2,6,88
53,19,9,89
44,14,5,90
54,15,4,91
68,18,7,92
53,11,2,93
36,14,2,94
32,4,10,95
45,5,3,96
62,14,5,97
15,20,6,98
23,5,7,99
2,10,10,100
14,20,9,101
23,5,9,102
7,15,7,103
4,4,10,104
52,16,9,105
21,10,2,106
74,2,3,107
13,19,6,108
7,9,7,109
3,19,5,110
3,4,2,111
63,3,6,112
54,2,4,113
4,10,3,114
39,9,3,115
15,3,7,116
43,6,2,117
5,3,9,118
60,7,4,119
47,4,8,120
58,17,7,121
15,15,5,122
54,7,10,123
33,6,3,124
60,10,10,125
27,2,9,126
65,10,6,127
17,4,5,128
35,8,7,129
35,9,9,130
1,11,10,131
16,9,3,132
62,3,9,133
27,3,5,134
62,13,8,135
23,13,7,136
63,20,8,137
22,6,4,138
38,2,3,139
41,19,6,140
54,14,3,141
35,14,7,142
46,19,6,143
9,10,9,144
7,10,8,145
72,5,6,146
67,15,7,147
52,3,8,148
32,2,8,149
12,13,7,150
17,10,4,151
18,5,5,152
28,11,7,153
56,17,5,154
32,11,5,155
61,15,6,156
39,6,2,157
19,3,7,158
30,8,4,159
51,19,10,160
19,13,8,161
27,20,10,162
75,11,9,163
33,12,2,164
11,13,4,165
65,19,8,166
57,14,6,167
20,4,10,168
11,17,5,169
74,10,6,170
8,9,2,171
13,5,6,172
31,10,4,173
8,4,10,174
47,2,6,175
75,17,2,176
48,8,4,177
63,3,2,178
58,16,2,179
10,4,8,180
5,14,5,181
35,5,10,182
14,10,2,183
9,3,6,184
25,18,4,185
12,18,8,186
7,5,2,187
39,13,2,188
9,13,4,189
20,17,7,190
67,16,6,191
24,19,9,192
15,16,10,193
52,3,4,194
10,11,7,195
69,16,9,196
11,8,5,197
52,5,8,198
14,14,8,199
65,16,7,200
26,16,2,201
71,2,10,202
74,16,3,203
52,12,5,204
4,4,5,205
34,7,8,206
14,8,3,207
43,9,4,208
7,20,6,209
1,5,9,210
11,7,2,211
56,5,9,212
59,13,4,213
6,7,6,214
16,13,9,215
29,2,9,216
50,9,5,217
1,2,5,218
75,16,4,219
12,17,4,220
64,14,10,221
52,12,7,222
11,19,3,223
62,14,3,224
37,19,7,225
73,10,6,226
75,19,2,227
23,10,10,228
50,3,9,229
63,8,8,230
58,14,7,231
52,10,2,232
68,19,5,233
35,5,8,234
18,20,8,235
18,9,6,236
6,3,8,237
22,20,10,238
11,9,4,239
26,18,10,240
14,9,10,241
7,20,2,242
62,2,2,243
34,4,3,244
43,18,10,245
48,3,7,246
75,19,9,247
69,20,9,248
65,11,10,249
69,15,3,250
3,4,9,251
71,7,4,252
8,20,9,253
28,11,9,254
52,18,10,255
59,9,10,256
54,12,8,257
44,7,4,258
60,15,9,259
27,5,5,260
51,10,3,261
74,18,10,262
58,13,7,263
45,13,4,264
4,12,9,265
28,11,4,266
20,9,4,267
6,2,5,268
67,17,2,269
47,20,8,270
44,4,9,271
68,9,3,272
71,11,3,273
5,20,4,274
53,5,6,275
14,8,7,276
11,2,4,277
60,10,2,278
30,18,9,279
74,16,4,280
18,7,2,281
38,12,9,282
48,7,8,283
1,14,10,284
34,5,4,285
20,8,3,286
24,13,3,287
26,18,2,288
44,15,4,289
23,12,8,290
61,5,9,291
24,15,4,292
21,17,8,293
49,6,7,294
65,11,8,295
29,6,5,296
63,18,9,297
73,9,5,298
33,20,2,299
5,12,5,300
12,6,5,301
51,11,10,302
59,5,3,303
3,6,2,304
72,2,5,305
25,11,3,306
17,20,8,307
71,2,3,308
57,2,2,309
45,19,4,310
60,10,8,311
63,18,7,312
72,15,3,313
17,16,3,314
44,9,3,315
33,4,6,316
48,19,2,317
22,15,9,318
47,19,9,319
31,2,9,320
69,18,10,321
17,18,3,322
64,14,10,323
11,5,6,324
17,15,2,325
24,4,9,326
26,9,7,327
67,18,3,328
23,5,8,329
52,13,8,330
74,10,5,331
13,9,6,332
61,17,5,333
18,15,6,334
2,10,3,335
17,12,9,336
63,17,5,337
35,4,10,338
2,10,2,339
5,17,9,340
66,12,3,341
29,6,2,342
14,8,7,343
49,19,3,344
20,2,5,345
67,18,10,346
42,12,3,347
5,20,8,348
63,19,3,349
5,9,6,350
37,3,8,351
50,8,9,352
24,13,3,353
66,13,8,354
63,9,5,355
55,6,6,356
66,9,2,357
70,17,8,358
56,7,7,359
39,17,8,360
19,5,4,361
2,18,5,362
13,11,3,363
24,20,6,364
36,2,8,365
6,16,3,366
57,17,5,367
33,20,6,368
57,9,2,369
64,18,10,370
9,17,9,371
21,20,9,372
4,9,9,373
64,18,4,374
62,14,10,375
66,14,10,376
22,2,5,377
60,13,10,378
75,11,4,379
42,10,6,380
21,6,8,381
45,11,2,382
72,6,6,383
56,20,2,384
54,8,7,385
52,6,6,386
37,17,9,387
6,11,10,388
29,18,2,389
30,14,10,390
67,15,9,391
60,13,5,392
14,7,8,393
66,6,10,394
13,16,9,395
63,15,8,396
19,19,5,397
70,17,5,398
75,16,6,399
45,7,10,400
25,6,2,401
38,9,9,402
67,20,7,403
72,17,10,404
7,2,9,405
27,14,7,406
68,2,2,407
66,20,7,408
70,5,5,409
45,10,5,410
67,8,3,411
41,14,3,412
13,7,4,413
39,12,3,414
49,20,8,415
29,11,7,416
21,10,10,417
72,13,5,418
3,6,2,419
1,6,3,420
47,13,5,421
18,6,8,422
66,17,5,423
31,10,2,424
37,7,7,425
64,3,9,426
58,11,4,427
65,9,2,428
74,10,4,429
49,7,3,430
53,20,10,431
20,16,7,432
63,7,3,433
47,8,3,434
60,16,4,435
37,18,7,436
9,8,5,437
45,6,3,438
48,5,4,439
15,16,8,440
63,6,10,441
43,15,4,442
50,6,7,443
12,5,8,444
60,13,2,445
74,5,4,446
47,7,7,447
1,12,5,448
74,18,10,449
38,20,8,450
69,8,9,451
11,9,9,452
9,5,6,453
53,2,5,454
16,16,7,455
54,5,4,456
10,19,10,457
29,18,5,458
64,14,8,459
55,2,5,460
19,10,5,461
51,3,4,462
22,3,4,463
50,15,8,464
30,9,10,465
71,4,3,466
12,16,5,467
51,11,2,468
58,14,3,469
50,20,4,470
40,19,8,471
3,19,5,472
11,10,2,473
35,3,8,474
59,13,6,475
46,9,2,476
8,2,10,477
50,5,4,478
70,14,6,479
9,7,8,480
4,20,6,481
37,7,2,482
13,9,6,483
6,13,7,484
32,5,10,485
14,5,10,486
59,7,3,487
72,14,8,488
68,9,9,489
23,9,7,490
70,12,3,491
4,11,5,492
72,7,5,493
35,3,2,494
7,15,3,495
13,4,10,496
71,12,7,497
59,13,4,498
68,12,7,499
65,14,8,500
16,10,2,501
28,9,5,502
14,4,8,503
58,20,4,504
31,10,9,505
17,14,2,506
50,3,10,507
67,6,10,508
31,9,4,509
49,12,3,510
47,14,9,511
29,19,4,512
2,12,2,513
50,2,8,514
55,13,3,515
9,3,8,516
19,9,5,517
50,17,2,518
32,19,6,519
41,11,8,520
67,16,9,521
18,8,10,522
23,18,2,523
56,8,4,524
5,5,2,525
5,9,9,526
49,6,2,527
18,10,3,528
23,16,9,529
25,17,10,530
37,10,2,531
31,14,7,532
17,5,8,533
62,11,6,534
27,9,4,535
1,19,5,536
11,16,5,537
26,3,9,538
31,18,10,539
57,4,5,540
25,2,9,541
10,16,10,542
37,9,5,543
36,9,9,544
62,8,4,545
25,15,4,546
48,15,10,547
25,9,3,548
59,19,2,549
40,18,7,550
29,20,4,551
4,10,10,552
44,18,4,553
52,13,5,554
30,18,6,555
7,2,9,556
56,17,5,557
1,10,9,558
18,13,9,559
48,17,7,560
22,19,10,561
37,14,7,562
3,12,5,563
48,16,4,564
10,3,4,565
35,12,8,566
67,16,8,567
51,9,9,568
57,3,3,569
53,15,10,570
5,8,2,571
37,16,10,572
52,14,7,573
69,5,6,574
14,15,2,575
32,7,6,576
73,4,10,577
73,7,4,578
74,11,4,579
69,17,3,580
59,3,3,581
47,2,3,582
13,3,6,583
47,19,5,584
27,19,5,585
12,19,6,586
11,17,7,587
29,10,6,588
42,20,10,589
39,2,3,590
42,16,10,591
16,15,8,592
49,11,7,593
26,4,6,594
9,8,9,595
20,2,8,596
5,14,8,597
3,19,6,598
27,12,2,599
6,18,4,600
58,13,2,601
35,13,10,602
50,8,7,603
3,14,8,604
51,12,2,605
2,4,5,606
27,19,8,607
36,14,10,608
65,9,4,609
66,3,4,610
59,10,2,611
43,5,9,612
37,5,7,613
29,14,8,614
14,9,5,615
7,19,10,616
48,4,10,617
21,11,9,618
5,6,8,619
43,7,5,620
19,10,7,621
45,11,5,622
70,8,3,623
56,2,7,624
1,12,6,625
19,18,6,626
9,18,5,627
74,15,4,628
61,4,3,629
57,16,8,630
18,3,4,631
41,12,7,632
73,20,8,633
53,14,10,634
3,17,4,635
17,9,5,636
34,19,2,637
12,14,6,638
46,2,7,639
21,6,7,640
67,19,6,641
36,17,4,642
61,4,10,643
60,17,2,644
39,12,7,645
59,6,2,646
19,3,8,647
21,11,8,648
22,9,7,649
47,4,7,650
32,5,9,651
3,4,4,652
29,8,8,653
70,8,2,654
43,4,8,655
34,10,6,656
54,4,5,657
41,7,10,658
31,5,5,659
43,20,9,660
62,18,10,661
57,9,7,662
30,8,4,663
48,8,9,664
72,19,10,665
40,2,5,666
51,2,5,667
63,2,3,668
27,8,8,669
58,5,9,670
12,8,10,671
6,3,2,672
33,2,7,673
19,8,9,674
54,8,4,675
15,10,7,676
2,12,9,677
69,6,8,678
59,8,8,679
39,4,9,680
13,15,7,681
74,5,9,682
25,18,2,683
14,11,10,684
4,18,10,685
68,10,10,686
29,6,6,687
24,9,5,688
71,18,9,689
24,13,2,690
30,13,7,691
15,8,2,692
15,8,3,693
75,18,5,694
4,6,8,695
45,16,3,696
26,9,3,697
43,17,4,698
42,6,7,699
9,8,7,700
43,4,7,701
40,10,7,702
28,3,8,703
37,9,7,704
43,17,10,705
53,6,8,706
73,15,5,707
26,6,5,708
13,9,3,709
52,8,4,710
53,20,4,711
1,18,2,712
7,2,7,713
50,6,5,714
52,5,8,715
31,14,2,716
74,2,6,717
46,10,10,718
8,6,7,719
7,7,2,720
69,6,7,721
9,19,2,722
74,4,3,723
22,8,4,724
10,4,5,725
43,5,7,726
23,19,2,727
50,17,7,728
69,18,9,729
58,3,4,730
1,9,2,731
17,3,10,732
59,17,7,733
29,4,8,734
4,15,6,735
6,9,4,736
15,4,10,737
15,19,5,738
38,19,5,739
41,15,5,740
67,12,4,741
38,13,7,742
22,15,2,743
75,2,2,744
45,7,2,745
58,19,8,746
62,12,10,747
40,6,3,748
71,9,7,749
51,6,6,750
73,5,3,751
63,10,4,752
60,16,5,753
13,3,6,754
25,11,8,755
54,2,10,756
16,16,9,757
33,17,2,758
11,15,6,759
69,4,2,760
27,10,10,761
17,19,10,762
21,3,3,763
63,12,7,764
40,6,7,765
18,3,9,766
12,15,9,767
71,19,10,768
9,13,4,769
55,7,10,770
38,6,5,771
4,13,4,772
15,17,5,773
12,5,10,774
27,3,5,775
44,8,10,776
34,2,5,777
71,17,3,778
71,10,4,779
38,12,9,780
66,14,3,781
30,9,10,782
60,2,3,783
49,11,2,784
32,16,4,785
30,15,8,786
16,15,2,787
65,2,6,788
55,13,10,789
68,3,9,790
25,18,3,791
62,11,7,792
17,6,7,793
51,9,5,794
37,9,6,795
25,15,5,796
10,18,2,797
12,7,9,798
24,15,2,799
18,17,2,800
54,3,9,801
34,19,9,802
51,8,6,803
63,12,6,804
45,19,3,805
5,14,6,806
20,7,10,807
63,11,7,808
14,17,6,809
24,7,5,810
34,15,5,811
26,13,9,812
25,15,4,813
19,9,4,814
19,11,8,815
11,16,3,816
6,9,9,817
11,11,9,818
40,18,2,819
41,16,6,820
42,2,4,821
44,17,7,822
54,17,8,823
43,20,4,824
23,6,6,825
42,19,3,826
72,15,7,827
25,16,9,828
40,12,5,829
18,7,8,830
12,12,4,831
1,16,6,832
73,20,9,833
41,11,9,834
70,10,10,835
36,10,7,836
47,13,10,837
31,11,10,838
65,13,10,839
2,13,2,840
46,13,5,841
62,9,3,842
22,8,9,843
59,13,8,844
39,9,10,845
62,4,10,846
44,20,9,847
23,8,6,848
62,4,8,849
62,2,3,850
9,14,2,851
56,11,4,852
8,2,5,853
73,14,10,854
16,17,6,855
74,11,6,856
30,14,7,857
34,11,7,858
66,11,9,859
46,2,2,860
43,19,8,861
43,9,2,862
53,8,10,863
67,19,2,864
6,10,6,865
28,18,3,866
39,14,5,867
43,11,2,868
51,13,6,869
25,10,6,870
6,19,10,871
28,6,2,872
22,5,2,873
48,15,3,874
24,19,10,875
47,4,2,876
51,3,7,877
6,4,5,878
66,3,2,879
68,17,10,880
63,2,2,881
5,4,3,882
40,15,2,883
53,11,9,884
15,12,8,885
25,19,7,886
41,15,5,887
12,14,6,888
70,12,3,889
44,17,4,890
35,6,6,891
22,13,3,892
6,13,2,893
39,13,10,894
44,9,5,895
32,17,5,896
75,19,8,897
68,8,7,898
9,17,3,899
7,9,10,900
16,12,6,901
49,17,9,902
10,6,6,903
35,8,9,904
10,20,4,905
75,8,2,906
64,11,10,907
69,2,6,908
20,5,6,909
43,12,9,910
73,12,3,911
10,6,4,912
57,8,2,913
16,10,8,914
35,5,4,915
73,11,3,916
27,5,5,917
31,10,2,918
18,18,3,919
11,5,4,920
63,18,5,921
39,2,9,922
30,11,8,923
12,6,10,924
62,11,9,925
20,18,6,926
28,6,10,927
56,5,7,928
37,17,3,929
1,8,4,930
35,13,5,931
26,17,3,932
70,10,6,933
20,12,10,934
57,4,5,935
71,12,10,936
37,15,10,937
40,8,2,938
29,10,9,939
59,7,2,940
75,14,2,941
55,11,4,942
34,9,3,943
74,18,8,944
1,14,6,945
18,2,3,946
74,19,6,947
45,9,9,948
49,19,3,949
2,16,3,950
27,16,6,951
70,2,8,952
24,6,6,953
25,11,8,954
15,2,7,955
24,8,6,956
33,19,9,957
29,2,2,958
1,12,8,959
3,6,2,960
27,4,7,961
72,8,9,962
19,20,9,963
71,11,5,964
25,10,6,965
57,15,5,966
4,7,8,967
46,10,2,968
1,8,9,969
22,18,2,970
7,13,10,971
47,19,6,972
55,7,7,973
8,13,3,974
50,10,7,975
2,12,8,976
25,14,8,977
23,4,2,978
75,7,7,979
7,8,6,980
37,5,9,981
14,20,5,982
70,16,5,983
61,12,4,984
18,18,9,985
49,11,8,986
17,14,2,987
55,4,8,988
52,13,6,989
6,17,6,990
59,7,2,991
67,9,3,992
18,14,9,993
5,20,7,994
48,3,5,995
9,5,3,996
27,5,9,997
6,16,7,998
51,5,2,999
20,2,6,1000
12,16,6,1001
23,5,8,1002
70,6,4,1003
56,15,3,1004
74,3,6,1005
39,2,4,1006
36,16,3,1007
48,15,4,1008
51,20,3,1009
14,18,5,1010
67,11,4,1011
58,19,6,1012
72,17,2,1013
46,14,6,1014
35,8,4,1015
45,14,6,1016
50,2,7,1017
25,15,8,1018
36,18,9,1019
41,14,7,1020
72,18,6,1021
75,15,10,1022
13,19,6,1023
32,15,10,1024
3,6,8,1025
2,9,2,1026
72,18,6,1027
29,5,4,1028
11,18,7,1029
3,15,8,1030
9,10,5,1031
16,3,6,1032
48,10,5,1033
59,15,8,1034
37,15,7,1035
37,16,2,1036
40,14,2,1037
6,11,8,1038
42,7,6,1039
23,17,4,1040
41,11,9,1041
35,18,6,1042
70,13,9,1043
47,2,5,1044
58,12,7,1045
23,18,4,1046
23,12,3,1047
41,7,8,1048
2,14,10,1049
44,3,6,1050
33,8,7,1051
52,8,6,1052
41,15,5,1053
64,15,7,1054
17,7,7,1055
24,12,4,1056
32,19,9,1057
21,7,10,1058
68,4,7,1059
28,19,5,1060
30,6,10,1061
45,6,6,1062
58,14,6,1063
37,15,4,1064
20,19,3,1065
27,17,7,1066
22,19,8,1067
36,4,4,1068
71,11,8,1069
74,12,3,1070
30,15,6,1071
39,18,10,1072
59,3,3,1073
66,20,6,1074
33,8,7,1075
63,3,8,1076
53,19,8,1077
14,16,10,1078
71,11,4,1079
7,18,2,1080
61,19,7,1081
55,5,2,1082
53,11,9,1083
11,19,10,1084
66,2,8,1085
19,16,7,1086
70,10,2,1087
54,2,2,1088
18,5,4,1089
41,7,4,1090
69,8,9,1091
23,4,7,1092
3,14,4,1093
8,6,3,1094
69,5,7,1095
1,4,9,1096
51,12,10,1097
50,16,10,1098
64,17,3,1099
71,18,10,1100
65,3,10,1101
45,13,2,1102
70,20,4,1103
8,19,6,1104
65,17,7,1105
16,10,7,1106
29,10,3,1107
52,4,7,1108
39,3,6,1109
51,13,3,1110
43,20,9,1111
8,8,9,1112
27,19,10,1113
69,10,8,1114
19,3,4,1115
13,7,4,1116
12,10,5,1117
21,12,10,1118
71,5,4,1119
10,4,2,1120
45,4,4,1121
28,3,6,1122
48,9,8,1123
24,6,3,1124
59,13,10,1125
13,19,8,1126
56,8,3,1127
24,17,2,1128
41,9,2,1129
68,9,9,1130
19,10,5,1131
48,15,5,1132
32,3,8,1133
58,18,9,1134
61,11,6,1135
27,16,4,1136
57,10,5,1137
63,16,10,1138
58,10,8,1139
33,2,2,1140
8,16,10,1141
52,5,4,1142
55,15,9,1143
47,4,8,1144
12,20,5,1145
30,15,2,1146
19,16,9,1147
6,4,6,1148
19,7,3,1149
8,17,7,1150
61,3,9,1151
72,20,3,1152
57,4,10,1153
46,6,8,1154
57,10,2,1155
38,17,4,1156
11,12,10,1157
40,14,6,1158
24,19,10,1159
41,11,4,1160
26,15,9,1161
9,9,9,1162
13,7,10,1163
28,3,7,1164
5,8,8,1165
40,4,7,1166
65,12,6,1167
66,9,8,1168
51,11,8,1169
73,10,3,1170
14,20,4,1171
74,6,5,1172
50,6,9,1173
70,3,7,1174
70,10,5,1175
55,20,9,1176
66,2,6,1177
75,5,6,1178
48,3,2,1179
26,19,9,1180
9,18,4,1181
72,7,10,1182
60,7,8,1183
45,12,8,1184
58,3,6,1185
7,14,8,1186
21,4,5,1187
51,13,6,1188
61,17,2,1189
70,17,2,1190
3,8,6,1191
72,15,5,1192
16,7,9,1193
22,10,8,1194
5,7,7,1195
70,5,6,1196
35,9,8,1197
28,13,3,1198
62,16,9,1199
63,19,9,1200
51,20,2,1201
5,10,9,1202
33,15,4,1203
68,11,10,1204
69,11,2,1205
71,17,2,1206
35,8,10,1207
3,17,3,1208
51,11,8,1209
46,16,6,1210
16,20,3,1211
72,17,4,1212
74,19,10,1213
49,4,8,1214
1,14,7,1215
44,10,3,1216
4,9,6,1217
46,12,9,1218
7,8,10,1219
55,5,10,1220
50,2,5,1221
38,6,2,1222
56,2,10,1223
31,6,4,1224
58,11,9,1225
11,18,6,1226
60,7,8,1227
65,15,6,1228
7,12,8,1229
70,8,5,1230
47,20,5,1231
67,17,5,1232
2,16,7,1233
68,4,7,1234
50,14,5,1235
45,17,4,1236
57,8,4,1237
4,16,7,1238
72,12,10,1239
30,4,2,1240
44,15,6,1241
8,11,5,1242
69,8,6,1243
27,19,5,1244
55,15,8,1245
71,4,2,1246
68,19,9,1247
32,15,9,1248
4,13,7,1249
44,5,3,1250
49,13,3,1251
66,4,10,1252
27,19,9,1253
36,5,8,1254
55,5,9,1255
14,11,9,1256
50,15,9,1257
35,9,5,1258
16,20,4,1259
8,6,8,1260
64,12,9,1261
7,7,6,1262
48,13,9,1263
42,14,9,1264
64,16,2,1265
5,15,10,1266
33,8,7,1267
34,9,5,1268
2,18,9,1269
23,17,7,1270
60,5,6,1271
61,9,6,1272
53,2,2,1273
58,16,10,1274
2,4,6,1275
21,9,6,1276
27,19,6,1277
21,13,4,1278
22,8,3,1279
38,9,3,1280
25,6,10,1281
63,4,10,1282
15,12,4,1283
46,2,3,1284
8,5,8,1285
34,4,2,1286
66,5,5,1287
62,2,3,1288
21,15,9,1289
67,18,10,1290
45,11,2,1291
34,7,10,1292
4,14,4,1293
51,17,4,1294
67,19,10,1295
37,7,5,1296
73,8,2,1297
16,7,2,1298
16,14,4,1299
11,16,7,1300
3,15,2,1301
67,13,7,1302
32,13,10,1303
48,19,2,1304
75,18,3,1305
42,20,3,1306
28,17,9,1307
7,5,10,1308
23,20,9,1309
75,4,5,1310
5,12,2,1311
60,3,4,1312
54,6,3,1313
13,14,8,1314
69,18,10,1315
68,2,8,1316
67,20,3,1317
6,4,10,1318
54,9,10,1319
19,10,8,1320
43,3,7,1321
67,12,2,1322
36,9,8,1323
32,8,5,1324
42,14,2,1325
1,7,9,1326
66,18,5,1327
20,2,6,1328
27,12,8,1329
44,8,9,1330
72,6,5,1331
56,12,2,1332
43,17,6,1333
46,12,9,1334
21,18,10,1335
74,7,6,1336
45,4,2,1337
49,12,2,1338
73,7,8,1339
26,13,4,1340
38,11,8,1341
36,7,4,1342
68,3,6,1343
22,17,10,1344
43,2,2,1345
43,10,3,1346
74,7,7,1347
1,5,10,1348
59,11,5,1349
1,13,6,1350
8,17,4,1351
8,7,8,1352
14,20,4,1353
18,7,9,1354
43,8,8,1355
49,2,3,1356
40,14,4,1357
13,8,6,1358
6,13,5,1359
13,6,3,1360
6,16,6,1361
40,6,8,1362
62,18,6,1363
9,8,3,1364
42,20,5,1365
59,4,9,1366
73,19,3,1367
70,15,10,1368
37,6,8,1369
69,12,3,1370
44,3,9,1371
48,7,10,1372
3,9,5,1373
7,11,7,1374
74,16,3,1375
63,5,5,1376
46,8,4,1377
18,5,4,1378
66,2,2,1379
22,8,7,1380
46,9,4,1381
53,11,5,1382
70,18,2,1383
23,13,6,1384
65,15,10,1385
58,18,8,1386
42,6,6,1387
55,10,10,1388
48,11,8,1389
14,9,8,1390
55,13,6,1391
67,18,2,1392
8,11,5,1393
57,20,7,1394
14,20,3,1395
67,8,2,1396
59,17,7,1397
10,15,6,1398
64,6,2,1399
73,8,4,1400
68,13,6,1401
44,13,4,1402
67,20,3,1403
74,15,4,1404
43,2,6,1405
70,8,10,1406
72,8,3,1407
40,2,10,1408
49,3,5,1409
62,13,10,1410
70,19,7,1411
71,19,8,1412
58,9,4,1413
3,16,9,1414
24,9,7,1415
2,6,4,1416
41,19,3,1417
23,7,3,1418
52,18,5,1419
50,20,9,1420
56,10,5,1421
74,14,7,1422
14,7,10,1423
29,5,4,1424
7,4,8,1425
73,8,3,1426
4,8,4,1427
42,6,2,1428
30,7,7,1429
47,3,3,1430
43,9,7,1431
30,19,3,1432
12,18,3,1433
48,6,4,1434
26,18,3,1435
2,11,8,1436
27,5,6,1437
72,19,6,1438
5,6,2,1439
65,3,7,1440
54,4,4,1441
11,14,2,1442
43,18,7,1443
52,2,10,1444
34,19,6,1445
8,12,8,1446
61,10,9,1447
17,6,10,1448
52,13,5,1449
49,16,5,1450
19,12,10,1451
58,11,8,1452
45,6,3,1453
72,19,6,1454
72,3,6,1455
7,10,10,1456
45,19,8,1457
24,16,4,1458
40,14,9,1459
40,2,7,1460
57,18,2,1461
58,4,2,1462
59,16,10,1463
72,18,5,1464
11,17,8,1465
26,13,9,1466
58,16,3,1467
21,10,2,1468
48,19,9,1469
59,6,9,1470
6,6,8,1471
69,19,10,1472
66,7,2,1473
19,15,10,1474
19,12,2,1475
62,14,2,1476
69,10,5,1477
64,6,5,1478
16,5,7,1479
64,11,3,1480
31,5,4,1481
36,19,4,1482
7,11,6,1483
31,12,7,1484
5,18,4,1485
37,3,10,1486
67,2,9,1487
47,6,7,1488
22,9,3,1489
10,5,8,1490
55,5,7,1491
5,8,9,1492
53,10,10,1493
15,19,5,1494
8,8,5,1495
41,3,8,1496
44,15,3,1497
52,20,9,1498
60,8,8,1499
73,5,6,1500
13,13,2,1501
14,11,5,1502
40,17,4,1503
26,6,2,1504
45,13,8,1505
45,20,10,1506
28,10,6,1507
5,12,8,1508
37,12,8,1509
31,17,8,1510
71,7,5,1511
1,11,7,1512
6,18,7,1513
26,5,8,1514
50,16,3,1515
38,13,4,1516
32,8,5,1517
67,3,4,1518
20,18,3,1519
19,10,6,1520
4,19,3,1521
12,2,9,1522
6,16,5,1523
73,15,2,1524
17,14,2,1525
9,2,3,1526
67,10,10,1527
70,9,7,1528
27,19,10,1529
39,20,9,1530
15,12,8,1531
57,9,3,1532
21,14,5,1533
73,6,5,1534
20,9,3,1535
36,18,10,1536
63,8,10,1537
57,14,3,1538
41,13,2,1539
13,20,4,1540
74,5,9,1541
18,16,10,1542
21,4,7,1543
43,4,8,1544
20,3,5,1545
2,4,4,1546
49,2,7,1547
35,3,2,1548
6,14,10,1549
8,15,7,1550
36,10,2,1551
39,6,2,1552
30,19,7,1553
10,19,7,1554
10,5,8,1555
50,5,8,1556
65,7,9,1557
7,6,8,1558
60,20,8,1559
21,6,9,1560
7,9,4,1561
59,19,3,1562
56,8,9,1563
39,16,7,1564
51,7,2,1565
47,5,9,1566
9,18,7,1567
37,4,9,1568
35,8,9,1569
39,13,8,1570
28,5,3,1571
49,14,10,1572
3,8,9,1573
48,15,10,1574
45,7,5,1575
53,16,6,1576
25,13,9,1577
52,13,6,1578
41,5,3,1579
57,15,8,1580
68,5,10,1581
1,9,7,1582
26,7,10,1583
56,8,2,1584
50,18,5,1585
39,2,2,1586
24,17,3,1587
10,6,2,1588
30,8,5,1589
14,14,5,1590
35,16,9,1591
13,9,7,1592
5,4,5,1593
23,7,9,1594
62,20,8,1595
74,6,7,1596
57,4,10,1597
25,3,8,1598
5,9,5,1599
4,8,3,1600
55,6,3,1601
21,16,8,1602
16,8,5,1603
29,3,3,1604
52,17,5,1605
58,7,6,1606
39,8,9,1607
5,13,4,1608
63,14,4,1609
69,20,3,1610
43,6,7,1611
66,12,2,1612
47,12,10,1613
59,15,6,1614
66,6,4,1615
30,4,4,1616
32,9,9,1617
11,13,4,1618
70,11,10,1619
11,10,10,1620
68,11,8,1621
13,4,3,1622
64,19,4,1623
47,15,2,1624
29,8,9,1625
22,16,2,1626
29,14,8,1627
61,8,9,1628
22,10,9,1629
48,4,7,1630
29,9,3,1631
56,15,5,1632
5,14,2,1633
45,19,6,1634
13,18,7,1635
37,17,9,1636
68,4,5,1637
61,11,6,1638
18,8,2,1639
41,8,10,1640
48,17,6,1641
2,8,3,1642
33,9,7,1643
46,16,3,1644
55,5,2,1645
47,6,3,1646
12,15,9,1647
8,4,5,1648
31,15,4,1649
34,16,3,1650
14,11,6,1651
4,8,9,1652
9,19,8,1653
73,15,7,1654
17,14,2,1655
34,12,10,1656
63,5,2,1657
43,17,6,1658
27,16,10,1659
47,19,10,1660
34,20,4,1661
72,8,4,1662
17,7,3,1663
54,16,5,1664
36,5,9,1665
72,3,3,1666
45,8,4,1667
73,13,9,1668
23,9,8,1669
18,11,10,1670
32,5,6,1671
27,7,8,1672
46,15,2,1673
10,3,5,1674
15,17,8,1675
38,2,4,1676
38,8,2,1677
16,20,7,1678
41,8,8,1679
40,3,6,1680
46,2,9,1681
36,15,2,1682
10,14,8,1683
16,8,4,1684
47,10,2,1685
52,2,2,1686
54,5,10,1687
38,6,10,1688
5,3,2,1689
29,5,3,1690
67,3,8,1691
44,13,2,1692
27,14,8,1693
69,16,5,1694
75,18,2,1695
66,15,4,1696
3,18,4,1697
43,4,2,1698
11,8,3,1699
69,20,5,1700
6,6,2,1701
34,14,10,1702
47,16,7,1703
30,6,6,1704
22,20,6,1705
51,9,5,1706
45,2,7,1707
55,11,6,1708
14,13,3,1709
28,11,2,1710
49,16,6,1711
73,13,10,1712
3,19,10,1713
24,17,5,1714
63,13,7,1715
21,17,8,1716
43,19,2,1717
35,4,6,1718
38,12,2,1719
53,2,10,1720
45,17,2,1721
43,3,4,1722
59,14,6,1723
25,16,9,1724
2,14,4,1725
23,18,3,1726
42,18,4,1727
9,3,7,1728
4,17,3,1729
55,4,10,1730
18,19,7,1731
25,14,9,1732
10,4,3,1733
69,6,2,1734
37,20,9,1735
36,5,8,1736
9,10,8,1737
51,2,10,1738
24,13,3,1739
46,8,4,1740
19,13,10,1741
2,5,5,1742
43,13,3,1743
45,9,3,1744
47,15,7,1745
50,16,9,1746
40,14,6,1747
41,17,4,1748
56,11,8,1749
19,13,7,1750
61,13,9,1751
9,17,7,1752
42,20,4,1753
8,4,4,1754
59,14,9,1755
74,11,4,1756
44,12,9,1757
14,17,8,1758
73,11,10,1759
49,10,3,1760
33,10,5,1761
14,11,10,1762
48,2,6,1763
40,14,7,1764
31,14,8,1765
50,14,8,1766
54,9,3,1767
54,4,8,1768
49,17,10,1769
69,17,2,1770
36,14,4,1771
29,12,9,1772
70,20,4,1773
10,18,4,1774
20,7,9,1775
10,14,9,1776
67,8,8,1777
24,16,10,1778
18,18,10,1779
63,13,5,1780
28,10,3,1781
3,20,3,1782
5,19,6,1783
19,4,3,1784
12,17,6,1785
23,13,9,1786
72,20,9,1787
75,6,6,1788
68,15,9,1789
63,14,9,1790
39,20,3,1791
18,3,4,1792
19,7,5,1793
66,14,9,1794
31,17,4,1795
37,16,3,1796
41,10,6,1797
62,8,8,1798
70,17,6,1799
60,18,6,1800
46,10,2,1801
47,9,6,1802
20,10,7,1803
67,19,5,1804
5,17,10,1805
11,10,7,1806
8,4,8,1807
51,17,9,1808
33,19,7,1809
49,17,8,1810
47,4,4,1811
43,18,2,1812
8,9,2,1813
50,17,9,1814
58,7,4,1815
57,8,6,1816
71,17,2,1817
47,18,10,1818
41,6,4,1819
75,6,5,1820
4,17,2,1821
71,9,7,1822
23,14,9,1823
59,15,6,1824
27,8,7,1825
